dia,cenario,tempo_solo,voos,portoes
2026-01-01,previsto,30,123,22
2026-01-02,previsto,30,164,23
2026-01-03,previsto,30,151,23
2026-01-04,previsto,30,155,22
2026-01-05,previsto,30,169,23
2026-01-06,previsto,30,169,22
2026-01-07,previsto,30,168,23
2026-01-08,previsto,30,170,22
2026-01-09,previsto,30,170,23
2026-01-10,previsto,30,149,22
2026-01-11,previsto,30,159,23
2026-01-12,previsto,30,168,23
2026-01-13,previsto,30,169,22
2026-01-14,previsto,30,165,23
2026-01-15,previsto,30,166,22
2026-01-16,previsto,30,169,23
2026-01-17,previsto,30,148,22
2026-01-18,previsto,30,155,22
2026-01-19,previsto,30,164,23
2026-01-20,previsto,30,169,21
2026-01-21,previsto,30,169,23
2026-01-22,previsto,30,170,21
2026-01-23,previsto,30,170,23
2026-01-24,previsto,30,150,22
2026-01-25,previsto,30,158,23
2026-01-26,previsto,30,118,23
2026-01-27,previsto,30,167,21
2026-01-28,previsto,30,168,23
2026-01-29,previsto,30,168,21
2026-01-30,previsto,30,172,23
2026-01-31,previsto,30,150,22
2026-02-01,previsto,30,159,23
2026-02-02,previsto,30,167,23
2026-02-03,previsto,30,167,21
2026-02-04,previsto,30,166,21
2026-02-05,previsto,30,163,21
2026-02-06,previsto,30,167,21
2026-02-07,previsto,30,143,20
2026-02-08,previsto,30,154,22
2026-02-09,previsto,30,163,22
2026-02-10,previsto,30,166,21
2026-02-11,previsto,30,166,21
2026-02-12,previsto,30,167,21
2026-02-13,previsto,30,165,22
2026-02-14,previsto,30,142,20
2026-02-15,previsto,30,133,19
2026-02-16,previsto,30,137,18
2026-02-17,previsto,30,155,21
2026-02-18,previsto,30,164,21
2026-02-19,previsto,30,160,21
2026-02-20,previsto,30,164,22
2026-02-21,previsto,30,147,21
2026-02-22,previsto,30,160,24
2026-02-23,previsto,30,173,22
2026-02-24,previsto,30,172,22
2026-02-25,previsto,30,170,23
2026-02-26,previsto,30,171,20
2026-02-27,previsto,30,170,22
2026-02-28,previsto,30,148,19
2026-03-01,previsto,30,157,23
2026-03-02,previsto,30,172,22
2026-03-03,previsto,30,171,23
2026-03-04,previsto,30,174,23
2026-03-05,previsto,30,173,22
2026-03-06,previsto,30,174,23
2026-03-07,previsto,30,144,20
2026-03-08,previsto,30,158,23
2026-03-09,previsto,30,171,22
2026-03-10,previsto,30,170,23
2026-03-11,previsto,30,172,23
2026-03-12,previsto,30,170,20
2026-03-13,previsto,30,171,22
2026-03-14,previsto,30,144,20
2026-03-15,previsto,30,158,23
2026-03-16,previsto,30,172,22
2026-03-17,previsto,30,167,23
2026-03-18,previsto,30,173,23
2026-03-19,previsto,30,172,21
2026-03-20,previsto,30,175,22
2026-03-21,previsto,30,144,20
2026-03-22,previsto,30,159,23
2026-03-23,previsto,30,172,22
2026-03-24,previsto,30,170,23
2026-03-25,previsto,30,169,23
2026-03-26,previsto,30,168,21
2026-03-27,previsto,30,174,23
2026-03-28,previsto,30,143,20
2026-03-29,previsto,30,152,22
2026-03-30,previsto,30,169,22
2026-03-31,previsto,30,178,22
2026-01-01,previsto,45,123,30
2026-01-02,previsto,45,164,32
2026-01-03,previsto,45,151,31
2026-01-04,previsto,45,155,33
2026-01-05,previsto,45,169,31
2026-01-06,previsto,45,169,31
2026-01-07,previsto,45,168,31
2026-01-08,previsto,45,170,30
2026-01-09,previsto,45,170,31
2026-01-10,previsto,45,149,30
2026-01-11,previsto,45,159,33
2026-01-12,previsto,45,168,31
2026-01-13,previsto,45,169,31
2026-01-14,previsto,45,165,31
2026-01-15,previsto,45,166,30
2026-01-16,previsto,45,169,31
2026-01-17,previsto,45,148,30
2026-01-18,previsto,45,155,32
2026-01-19,previsto,45,164,30
2026-01-20,previsto,45,169,31
2026-01-21,previsto,45,169,31
2026-01-22,previsto,45,170,29
2026-01-23,previsto,45,170,31
2026-01-24,previsto,45,150,30
2026-01-25,previsto,45,158,33
2026-01-26,previsto,45,118,31
2026-01-27,previsto,45,167,30
2026-01-28,previsto,45,168,31
2026-01-29,previsto,45,168,29
2026-01-30,previsto,45,172,31
2026-01-31,previsto,45,150,30
2026-02-01,previsto,45,159,33
2026-02-02,previsto,45,167,32
2026-02-03,previsto,45,167,30
2026-02-04,previsto,45,166,31
2026-02-05,previsto,45,163,30
2026-02-06,previsto,45,167,31
2026-02-07,previsto,45,143,28
2026-02-08,previsto,45,154,32
2026-02-09,previsto,45,163,32
2026-02-10,previsto,45,166,31
2026-02-11,previsto,45,166,31
2026-02-12,previsto,45,167,31
2026-02-13,previsto,45,165,32
2026-02-14,previsto,45,142,29
2026-02-15,previsto,45,133,27
2026-02-16,previsto,45,137,27
2026-02-17,previsto,45,155,30
2026-02-18,previsto,45,164,31
2026-02-19,previsto,45,160,31
2026-02-20,previsto,45,164,32
2026-02-21,previsto,45,147,29
2026-02-22,previsto,45,160,34
2026-02-23,previsto,45,173,32
2026-02-24,previsto,45,172,31
2026-02-25,previsto,45,170,33
2026-02-26,previsto,45,171,30
2026-02-27,previsto,45,170,31
2026-02-28,previsto,45,148,29
2026-03-01,previsto,45,157,33
2026-03-02,previsto,45,172,32
2026-03-03,previsto,45,171,32
2026-03-04,previsto,45,174,33
2026-03-05,previsto,45,173,31
2026-03-06,previsto,45,174,33
2026-03-07,previsto,45,144,31
2026-03-08,previsto,45,158,33
2026-03-09,previsto,45,171,32
2026-03-10,previsto,45,170,32
2026-03-11,previsto,45,172,33
2026-03-12,previsto,45,170,30
2026-03-13,previsto,45,171,32
2026-03-14,previsto,45,144,31
2026-03-15,previsto,45,158,33
2026-03-16,previsto,45,172,32
2026-03-17,previsto,45,167,32
2026-03-18,previsto,45,173,33
2026-03-19,previsto,45,172,31
2026-03-20,previsto,45,175,32
2026-03-21,previsto,45,144,30
2026-03-22,previsto,45,159,33
2026-03-23,previsto,45,172,32
2026-03-24,previsto,45,170,32
2026-03-25,previsto,45,169,33
2026-03-26,previsto,45,168,31
2026-03-27,previsto,45,174,33
2026-03-28,previsto,45,143,30
2026-03-29,previsto,45,152,32
2026-03-30,previsto,45,169,30
2026-03-31,previsto,45,178,32
2026-01-01,previsto,60,123,36
2026-01-02,previsto,60,164,40
2026-01-03,previsto,60,151,37
2026-01-04,previsto,60,155,37
2026-01-05,previsto,60,169,39
2026-01-06,previsto,60,169,40
2026-01-07,previsto,60,168,40
2026-01-08,previsto,60,170,38
2026-01-09,previsto,60,170,39
2026-01-10,previsto,60,149,37
2026-01-11,previsto,60,159,39
2026-01-12,previsto,60,168,39
2026-01-13,previsto,60,169,40
2026-01-14,previsto,60,165,40
2026-01-15,previsto,60,166,38
2026-01-16,previsto,60,169,39
2026-01-17,previsto,60,148,35
2026-01-18,previsto,60,155,38
2026-01-19,previsto,60,164,38
2026-01-20,previsto,60,169,40
2026-01-21,previsto,60,169,40
2026-01-22,previsto,60,170,38
2026-01-23,previsto,60,170,40
2026-01-24,previsto,60,150,37
2026-01-25,previsto,60,158,39
2026-01-26,previsto,60,118,38
2026-01-27,previsto,60,167,39
2026-01-28,previsto,60,168,40
2026-01-29,previsto,60,168,38
2026-01-30,previsto,60,172,40
2026-01-31,previsto,60,150,37
2026-02-01,previsto,60,159,39
2026-02-02,previsto,60,167,39
2026-02-03,previsto,60,167,39
2026-02-04,previsto,60,166,40
2026-02-05,previsto,60,163,36
2026-02-06,previsto,60,167,40
2026-02-07,previsto,60,143,36
2026-02-08,previsto,60,154,39
2026-02-09,previsto,60,163,38
2026-02-10,previsto,60,166,39
2026-02-11,previsto,60,166,40
2026-02-12,previsto,60,167,37
2026-02-13,previsto,60,165,39
2026-02-14,previsto,60,142,36
2026-02-15,previsto,60,133,37
2026-02-16,previsto,60,137,35
2026-02-17,previsto,60,155,37
2026-02-18,previsto,60,164,40
2026-02-19,previsto,60,160,36
2026-02-20,previsto,60,164,40
2026-02-21,previsto,60,147,36
2026-02-22,previsto,60,160,39
2026-02-23,previsto,60,173,39
2026-02-24,previsto,60,172,39
2026-02-25,previsto,60,170,40
2026-02-26,previsto,60,171,37
2026-02-27,previsto,60,170,40
2026-02-28,previsto,60,148,37
2026-03-01,previsto,60,157,39
2026-03-02,previsto,60,172,39
2026-03-03,previsto,60,171,40
2026-03-04,previsto,60,174,41
2026-03-05,previsto,60,173,37
2026-03-06,previsto,60,174,40
2026-03-07,previsto,60,144,37
2026-03-08,previsto,60,158,39
2026-03-09,previsto,60,171,39
2026-03-10,previsto,60,170,40
2026-03-11,previsto,60,172,40
2026-03-12,previsto,60,170,36
2026-03-13,previsto,60,171,40
2026-03-14,previsto,60,144,37
2026-03-15,previsto,60,158,39
2026-03-16,previsto,60,172,39
2026-03-17,previsto,60,167,38
2026-03-18,previsto,60,173,41
2026-03-19,previsto,60,172,37
2026-03-20,previsto,60,175,40
2026-03-21,previsto,60,144,36
2026-03-22,previsto,60,159,39
2026-03-23,previsto,60,172,39
2026-03-24,previsto,60,170,39
2026-03-25,previsto,60,169,41
2026-03-26,previsto,60,168,37
2026-03-27,previsto,60,174,41
2026-03-28,previsto,60,143,36
2026-03-29,previsto,60,152,40
2026-03-30,previsto,60,169,37
2026-03-31,previsto,60,178,39
2026-01-01,real,30,123,19
2026-01-02,real,30,167,23
2026-01-03,real,30,153,23
2026-01-04,real,30,160,23
2026-01-05,real,30,171,23
2026-01-06,real,30,168,21
2026-01-07,real,30,168,22
2026-01-08,real,30,172,21
2026-01-09,real,30,168,23
2026-01-10,real,30,152,23
2026-01-11,real,30,160,24
2026-01-12,real,30,169,27
2026-01-13,real,30,167,20
2026-01-14,real,30,167,22
2026-01-15,real,30,168,20
2026-01-16,real,30,174,20
2026-01-17,real,30,149,22
2026-01-18,real,30,159,25
2026-01-19,real,30,164,21
2026-01-20,real,30,171,22
2026-01-21,real,30,170,20
2026-01-22,real,30,171,20
2026-01-23,real,30,178,19
2026-01-24,real,30,150,20
2026-01-25,real,30,159,23
2026-01-26,real,30,150,22
2026-01-27,real,30,168,22
2026-01-28,real,30,165,23
2026-01-29,real,30,173,21
2026-01-30,real,30,171,24
2026-01-31,real,30,150,23
2026-02-01,real,30,161,23
2026-02-02,real,30,167,21
2026-02-03,real,30,166,21
2026-02-04,real,30,170,23
2026-02-05,real,30,164,25
2026-02-06,real,30,167,18
2026-02-07,real,30,143,23
2026-02-08,real,30,155,24
2026-02-09,real,30,168,22
2026-02-10,real,30,168,21
2026-02-11,real,30,164,24
2026-02-12,real,30,169,22
2026-02-13,real,30,170,25
2026-02-14,real,30,144,20
2026-02-15,real,30,133,20
2026-02-16,real,30,135,21
2026-02-17,real,30,157,21
2026-02-18,real,30,165,24
2026-02-19,real,30,161,22
2026-02-20,real,30,165,24
2026-02-21,real,30,147,23
2026-02-22,real,30,161,22
2026-02-23,real,30,172,23
2026-02-24,real,30,172,22
2026-02-25,real,30,172,23
2026-02-26,real,30,176,26
2026-02-27,real,30,173,27
2026-02-28,real,30,148,25
2026-03-01,real,30,157,20
2026-03-02,real,30,174,22
2026-03-03,real,30,174,24
2026-03-04,real,30,175,23
2026-03-05,real,30,175,21
2026-03-06,real,30,176,25
2026-03-07,real,30,145,24
2026-03-08,real,30,159,22
2026-03-09,real,30,172,23
2026-03-10,real,30,171,24
2026-03-11,real,30,174,23
2026-03-12,real,30,169,21
2026-03-13,real,30,175,23
2026-03-14,real,30,144,19
2026-03-15,real,30,159,21
2026-03-16,real,30,174,23
2026-03-17,real,30,169,24
2026-03-18,real,30,174,20
2026-03-19,real,30,175,21
2026-03-20,real,30,174,25
2026-03-21,real,30,147,22
2026-03-22,real,30,159,21
2026-03-23,real,30,172,27
2026-03-24,real,30,170,24
2026-03-25,real,30,168,23
2026-03-26,real,30,170,18
2026-03-27,real,30,176,25
2026-03-28,real,30,142,23
2026-03-29,real,30,152,21
2026-03-30,real,30,172,22
2026-03-31,real,30,179,24
2026-01-01,real,45,123,26
2026-01-02,real,45,167,31
2026-01-03,real,45,153,31
2026-01-04,real,45,160,32
2026-01-05,real,45,171,30
2026-01-06,real,45,168,30
2026-01-07,real,45,168,31
2026-01-08,real,45,172,29
2026-01-09,real,45,168,33
2026-01-10,real,45,152,32
2026-01-11,real,45,160,30
2026-01-12,real,45,169,31
2026-01-13,real,45,167,27
2026-01-14,real,45,167,29
2026-01-15,real,45,168,28
2026-01-16,real,45,174,28
2026-01-17,real,45,149,29
2026-01-18,real,45,159,31
2026-01-19,real,45,164,28
2026-01-20,real,45,171,28
2026-01-21,real,45,170,27
2026-01-22,real,45,171,28
2026-01-23,real,45,178,27
2026-01-24,real,45,150,28
2026-01-25,real,45,159,30
2026-01-26,real,45,150,27
2026-01-27,real,45,168,30
2026-01-28,real,45,165,32
2026-01-29,real,45,173,28
2026-01-30,real,45,171,32
2026-01-31,real,45,150,28
2026-02-01,real,45,161,30
2026-02-02,real,45,167,29
2026-02-03,real,45,166,28
2026-02-04,real,45,170,32
2026-02-05,real,45,164,30
2026-02-06,real,45,167,26
2026-02-07,real,45,143,29
2026-02-08,real,45,155,29
2026-02-09,real,45,168,30
2026-02-10,real,45,168,29
2026-02-11,real,45,164,30
2026-02-12,real,45,169,27
2026-02-13,real,45,170,33
2026-02-14,real,45,144,27
2026-02-15,real,45,133,29
2026-02-16,real,45,135,28
2026-02-17,real,45,157,27
2026-02-18,real,45,165,32
2026-02-19,real,45,161,29
2026-02-20,real,45,165,30
2026-02-21,real,45,147,31
2026-02-22,real,45,161,29
2026-02-23,real,45,172,30
2026-02-24,real,45,172,29
2026-02-25,real,45,172,32
2026-02-26,real,45,176,29
2026-02-27,real,45,173,35
2026-02-28,real,45,148,32
2026-03-01,real,45,157,32
2026-03-02,real,45,174,28
2026-03-03,real,45,174,32
2026-03-04,real,45,175,31
2026-03-05,real,45,175,30
2026-03-06,real,45,176,31
2026-03-07,real,45,145,33
2026-03-08,real,45,159,29
2026-03-09,real,45,172,31
2026-03-10,real,45,171,33
2026-03-11,real,45,174,32
2026-03-12,real,45,169,27
2026-03-13,real,45,175,30
2026-03-14,real,45,144,26
2026-03-15,real,45,159,31
2026-03-16,real,45,174,30
2026-03-17,real,45,169,33
2026-03-18,real,45,174,28
2026-03-19,real,45,175,30
2026-03-20,real,45,174,32
2026-03-21,real,45,147,29
2026-03-22,real,45,159,29
2026-03-23,real,45,172,32
2026-03-24,real,45,170,33
2026-03-25,real,45,168,34
2026-03-26,real,45,170,26
2026-03-27,real,45,176,32
2026-03-28,real,45,142,29
2026-03-29,real,45,152,28
2026-03-30,real,45,172,31
2026-03-31,real,45,179,31
2026-01-01,real,60,123,31
2026-01-02,real,60,167,36
2026-01-03,real,60,153,36
2026-01-04,real,60,160,38
2026-01-05,real,60,171,36
2026-01-06,real,60,168,36
2026-01-07,real,60,168,36
2026-01-08,real,60,172,35
2026-01-09,real,60,168,39
2026-01-10,real,60,152,38
2026-01-11,real,60,160,35
2026-01-12,real,60,169,37
2026-01-13,real,60,167,36
2026-01-14,real,60,167,34
2026-01-15,real,60,168,34
2026-01-16,real,60,174,36
2026-01-17,real,60,149,34
2026-01-18,real,60,159,36
2026-01-19,real,60,164,33
2026-01-20,real,60,171,34
2026-01-21,real,60,170,33
2026-01-22,real,60,171,32
2026-01-23,real,60,178,33
2026-01-24,real,60,150,35
2026-01-25,real,60,159,36
2026-01-26,real,60,150,30
2026-01-27,real,60,168,38
2026-01-28,real,60,165,37
2026-01-29,real,60,173,34
2026-01-30,real,60,171,37
2026-01-31,real,60,150,34
2026-02-01,real,60,161,36
2026-02-02,real,60,167,35
2026-02-03,real,60,166,34
2026-02-04,real,60,170,37
2026-02-05,real,60,164,33
2026-02-06,real,60,167,34
2026-02-07,real,60,143,32
2026-02-08,real,60,155,35
2026-02-09,real,60,168,34
2026-02-10,real,60,168,34
2026-02-11,real,60,164,37
2026-02-12,real,60,169,33
2026-02-13,real,60,170,40
2026-02-14,real,60,144,32
2026-02-15,real,60,133,36
2026-02-16,real,60,135,32
2026-02-17,real,60,157,35
2026-02-18,real,60,165,39
2026-02-19,real,60,161,35
2026-02-20,real,60,165,37
2026-02-21,real,60,147,35
2026-02-22,real,60,161,35
2026-02-23,real,60,172,36
2026-02-24,real,60,172,34
2026-02-25,real,60,172,37
2026-02-26,real,60,176,35
2026-02-27,real,60,173,39
2026-02-28,real,60,148,37
2026-03-01,real,60,157,36
2026-03-02,real,60,174,34
2026-03-03,real,60,174,39
2026-03-04,real,60,175,38
2026-03-05,real,60,175,35
2026-03-06,real,60,176,39
2026-03-07,real,60,145,37
2026-03-08,real,60,159,36
2026-03-09,real,60,172,37
2026-03-10,real,60,171,37
2026-03-11,real,60,174,37
2026-03-12,real,60,169,32
2026-03-13,real,60,175,35
2026-03-14,real,60,144,32
2026-03-15,real,60,159,35
2026-03-16,real,60,174,37
2026-03-17,real,60,169,40
2026-03-18,real,60,174,34
2026-03-19,real,60,175,35
2026-03-20,real,60,174,38
2026-03-21,real,60,147,34
2026-03-22,real,60,159,34
2026-03-23,real,60,172,38
2026-03-24,real,60,170,38
2026-03-25,real,60,168,38
2026-03-26,real,60,170,31
2026-03-27,real,60,176,36
2026-03-28,real,60,142,34
2026-03-29,real,60,152,33
2026-03-30,real,60,172,37
2026-03-31,real,60,179,37
